id,like_num,comments_len,reposts_count,region,content,content_len,created_at,type,detail_url,author_avatar,author_name,author_detail,is_vip
5025590018572828,489,3,28,重庆,Lamborghini Revuelto 🦇🔥 ​,29,2024-04-21 13:31:34,热门,https://weibo.com/5025590018572828/OaJIdzYbq,"https://tvax2.sinaimg.cn/crop.0.0.1080.1080.180/bbc3c03aly8hddi2bg8osj20u00u0gra.jpg?KID=imgbed,tva&Expires=1714762430&ssig=iBCdRBYBYX",康仁秋,/u/3150168122,0
5028986346281084,3459,840,58,广东,"老蒋的劳力士，真奢侈。
同时期的毛主席，一条浴袍补十几个补丁。[赞] ​",65,2024-04-30 22:27:22,热门,https://weibo.com/5028986346281084/Oca4aqlZO,"https://tvax2.sinaimg.cn/crop.0.0.1080.1080.180/008yp4y7ly8hfjom8211tj30u00u0q5p.jpg?KID=imgbed,tva&Expires=1714762430&ssig=RIJodM92EA",深圳陶玥,/u/7837433771,0
5005978405177754,10295,1793,233,澳大利亚,华为终于不是单枪匹马的了… ​,26,2024-02-27 10:42:01,热门,https://weibo.com/5005978405177754/O2vwAlIYa,"https://tvax3.sinaimg.cn/crop.0.0.512.512.180/77ecc995ly8hhdjw75e1lj20e80e8dfz.jpg?KID=imgbed,tva&Expires=1714762430&ssig=RFwf70R4cy",武汉潘唯杰,/u/2012006805,1
5029680298066391,5415,908,250,北京,"五一到乐山怎么玩？
从街头吃到巷尾；历经千年的沧桑，看古今对话一眼万年；逃离城市的喧嚣，与大自然来个亲密拥抱……
http://t.cn/A6TeT7b0 @乐山文旅 ​",142,2024-05-02 20:24:52,热门,https://weibo.com/5029680298066391/Ocs7rxQr5,"https://tvax4.sinaimg.cn/crop.0.0.1080.1080.180/001Un9Srly8h3fpj11yjyj60u00u0q7f02.jpg?KID=imgbed,tva&Expires=1714762430&ssig=FNMncLBFkr",雷军,/u/1749127163,0
5029545795392873,1496,94,41,山东,多报道报道这样的画面，我们想看。 ​,35,2024-05-02 11:30:25,热门,https://weibo.com/5029545795392873/OcoCvmCVP,"https://tvax3.sinaimg.cn/crop.0.0.1080.1080.180/005N9GuZly8gt1shrxmwmj30u00u075l.jpg?KID=imgbed,tva&Expires=1714762430&ssig=sAFnbhvGGw",-四分三十三秒-,/u/5307012945,1
5028220657207053,626,329,15,北京,60 万预算，家里两个孩子，以下这两台车目前是我发现最完美的解决方案，欢迎举一反三。 ​,81,2024-04-28 19:44:47,热门,https://weibo.com/5028220657207053/ObQ9bueSN,"https://tvax1.sinaimg.cn/crop.3.16.383.383.180/423ab0c3ly8gdi90j4493j20b40b440u.jpg?KID=imgbed,tva&Expires=1714762430&ssig=Z2nnbCvf25",李老鼠说车,/u/1111142595,1
5029330177229286,139,40,2,河北,"拥有""特殊技能""的10位明星。

·第一位：郑恺，二级短跑运动员。
·第二位：刘涛，赛车比赛冠军还是跆拳道黑带。
·第三位：倪妮，J二级游泳运动员。
·第四位：吴奇隆，跆拳道黑带五段。
·第五位：夏雨，滑板达人比赛冠军。
·第六位：张凯丽，短道速滑运动员。
·第七位：王嘉尔，击剑运动员，曾获得冠军。 ​",479,2024-05-01 21:13:37,热门,https://weibo.com/5029330177229286/Ocj0JukFo,"https://tvax3.sinaimg.cn/crop.0.0.1080.1080.180/007gWadqly8gic9yc9ri3j30u00u0dhi.jpg?KID=imgbed,tva&Expires=1714762430&ssig=qmGGFZfwFo",毛三老实人,/u/6663213496,1
5028796900050579,3917,485,358,未知,【中国驱离菲律宾侵闯黄岩岛邻近海域船只】今日，中国海警依法对菲律宾侵闯黄岩岛邻近海域的4410海警船、3004公务船实施驱离。（总台央视记者国鹏）http://t.cn/A6TDbFpC ​​​,165,2024-04-30 09:54:34,热门,https://weibo.com/5028796900050579/Oc58C0d9N,"https://tvax4.sinaimg.cn/crop.0.0.600.600.180/002TLsr9ly8hmxa6f543uj60go0gowfl02.jpg?KID=imgbed,tva&Expires=1714762430&ssig=V68N107sDW",央视新闻,/u/2656274875,0
5021654946416298,1860,213,93,河南,虽然很可怕，但山羊只是在杀死寄生虫而已 http://t.cn/A6TKuoPr ​,59,2024-04-10 16:55:00,热门,https://weibo.com/5021654946416298/O95lkqVaG,"https://tva1.sinaimg.cn/crop.0.0.996.996.180/69cc290fjw8favi9hptw1j20ro0rojt0.jpg?KID=imgbed,tva&Expires=1714762430&ssig=5GCrOBGKUz",李苦舟,/u/1774987535,1
5011876460627321,136,137,4,河北,"华为：我们不造车，帮企业造好车。
提问，为什么华为不下场造车？ ​",64,2024-03-14 17:18:47,热门,https://weibo.com/5011876460627321/O4YXA2Dc5,"https://tvax2.sinaimg.cn/crop.0.0.1080.1080.180/006eKnyFly8hc6mn2iyg1j30u00u0q41.jpg?KID=imgbed,tva&Expires=1714762430&ssig=RhjcEXIOvW",Oneline科技,/u/5714719345,1
5015812465496920,6758,1076,272,北京,距离“何同学”关于5G的五年之约还剩2个多月 ​,41,2024-03-25 13:59:04,热门,https://weibo.com/5015812465496920/O6DlYn400,"https://tvax1.sinaimg.cn/crop.0.0.1125.1125.180/47a75dbbly8fvt526aejwj20v90v975o.jpg?KID=imgbed,tva&Expires=1714762433&ssig=iwEyYUpGKW",打工人阿卷,/u/1202150843,0
5019057954750876,1164,33,12,天津,"小米SU7 0001 来自我朋友圈啊！ 
是不是第一台就是0001， 没有0000吧？ ​",66,2024-04-03 12:55:29,热门,https://weibo.com/5019057954750876/O7ZMDjVV2,"https://tvax4.sinaimg.cn/crop.0.0.1080.1080.180/6de21f3dly8g4njfsmlljj20u00u077k.jpg?KID=imgbed,tva&Expires=1714762433&ssig=3v4eRnZkWW",朱宏-ZHong,/u/1843535677,1
5004328466909205,1187,188,25,北京,"Redmi Book Pro 2024 首发价4999元起！

年度旗舰 CPU， 最高 70W 满血释放
年度旗舰 LCD 屏，最高 3.1K 165Hz
不插电用一天，最高 99Wh 超大电池
14""和16""两个尺寸可选 ​",157,2024-02-22 21:25:45,热门,https://weibo.com/5004328466909205/O1OBosZoN,"https://tvax4.sinaimg.cn/crop.0.0.1080.1080.180/001Un9Srly8h3fpj11yjyj60u00u0q7f02.jpg?KID=imgbed,tva&Expires=1714762433&ssig=A4torOm%2FPM",雷军,/u/1749127163,0
5027154230510990,8003,963,1217,未知,【超燃！#神十八点火瞬间航天员齐刷刷敬礼#[威武]】刚刚，火箭点火升空，载着神舟十八号载人飞船飞向太空。点火发射瞬间，航天员齐刷刷敬礼↓↓转存这一刻！祝福中国航天！#神十八# http://t.cn/A6T1ADLD ​,189,2024-04-25 21:07:11,热门,https://weibo.com/5027154230510990/Obop928VM,"https://tvax4.sinaimg.cn/crop.0.0.600.600.180/002TLsr9ly8hmxa6f543uj60go0gowfl02.jpg?KID=imgbed,tva&Expires=1714762433&ssig=91b8LwLIhN",央视新闻,/u/2656274875,0
4994956909609234,2239,886,22,浙江,华为，华为，现在老百姓眼里只有华为！这样子是乐观还是悲观？ ​,58,2024-01-28 00:46:31,热门,https://weibo.com/4994956909609234/NDQgiEjNE,"https://tvax1.sinaimg.cn/crop.0.0.512.512.180/0062W87xly8hcvsnjjiehj30e80e8q2y.jpg?KID=imgbed,tva&Expires=1714762433&ssig=yPEt8G4%2Fly",一个发帖员,/u/5540203907,1
5027437191364920,590,85,52,江苏,"中国：
三流大学抓纪律
二流大学抓卫生
一流大学抓学术

美国：
顶流大学抓学生

相比之下，差距还是太大了~[二哈]

#飞扬军事[超话]# #烽火问鼎计划# #全美多地高校爆发反战示威# ​",167,2024-04-26 15:51:33,热门,https://weibo.com/5027437191364920/ObvLx5J4Q,"https://tvax1.sinaimg.cn/crop.0.0.600.600.180/7f8d08b2ly8hhhg8qtwr1j20go0gowfu.jpg?KID=imgbed,tva&Expires=1714762433&ssig=%2FsaTAf4RSs",飞扬军事铁背心,/u/2139949234,0
5029671221854800,1951,138,124,湖北,网友拍到的一幕，与梅大高速塌方有些类似，幸亏没有车和人掉下去，当时就封路了，但看得心惊胆颤！http://t.cn/A6HvVBG1 ​,112,2024-05-02 19:48:49,热门,https://weibo.com/5029671221854800/OcrSO7Mw8,"https://tvax4.sinaimg.cn/crop.0.0.996.996.180/e6dac462ly8fxfnmxebaxj20ro0rogmr.jpg?KID=imgbed,tva&Expires=1714762433&ssig=S7DVcugwa4",林哥观察,/u/3873096802,1
5020148050429979,365,68,5,安徽,911一通知生产，小米立马通知提车了[二哈]没想到有一天车钥匙都在手机里 ​,67,2024-04-06 13:07:08,热门,https://weibo.com/5020148050429979/O8s8R1NR9,"https://tvax1.sinaimg.cn/crop.0.0.1080.1080.180/001P1V6yly8h8hvr6kx1zj60u00u0jst02.jpg?KID=imgbed,tva&Expires=1714762433&ssig=ZaSLdZhUQ0",PS3保罗,/u/1670183810,0
5028948074827436,1158,55,132,江苏,梦里都不敢这样想[允悲]  ​​​#亿点曝光计划# http://t.cn/A6TkqwFw ​,65,2024-04-30 19:55:17,热门,https://weibo.com/5028948074827436/Oc94rkfPS,"https://tvax4.sinaimg.cn/crop.0.0.1080.1080.180/008BWGG5ly8hlsh6lp05kj30u00u0mz7.jpg?KID=imgbed,tva&Expires=1714762433&ssig=bYQYiFuD59",Sia-1,/u/7889774169,1
5028836015604163,1277,51,13,山东,什么叫裁员裁到大动脉[吃惊] ​,26,2024-04-30 12:30:00,热门,https://weibo.com/5028836015604163/Oc69HnvTJ,"https://tvax2.sinaimg.cn/crop.0.0.300.300.180/c50f0053ly8hfo0evkx11j208c08cmx1.jpg?KID=imgbed,tva&Expires=1714762433&ssig=c6jMoO7Cut",趣风,/u/3306094675,1
5028510043474316,12,4,0,江西,🎆  ​,25,2024-04-29 14:54:42,同城,https://weibo.com/5028510043474316/ObXFWezPm,"https://tvax3.sinaimg.cn/crop.0.0.512.512.180/007O603Bly8hoymoec3y9j30e80e80tw.jpg?KID=imgbed,tva&Expires=1714762438&ssig=Pn81k6ceTf",小雪小蛋糕,/u/7153176815,
5029910366914801,5,5,0,江西,可恶，被初中喜欢的同桌拿下了🙃 ​,32,2024-05-03 11:39:05,同城,https://weibo.com/5029910366914801/Ocy6wt0R3,"https://tvax2.sinaimg.cn/crop.0.0.996.996.180/00666pqmly8ghf570w3ppj30ro0rodic.jpg?KID=imgbed,tva&Expires=1714762438&ssig=YcEg8%2FSel%2F",一座敬亭山呀,/u/5586982710,0
5030091589948862,0,0,0,安徽,"📍｜𝑊𝑢 𝑌𝑢𝑎𝑛•篁岭
“青山 白墙 黛瓦 晒秋 一半烟火 一半诗意🍂”  ​",104,2024-05-03 23:39:12,同城,https://weibo.com/5030091589948862/OcCOOFK9w,"https://tvax2.sinaimg.cn/crop.0.0.1080.1080.180/006nONSVly8hn1hzcyrvej30u00u0jtx.jpg?KID=imgbed,tva&Expires=1714762438&ssig=9e5pHPZmjU",寄予安11,/u/5848760881,0
5030036304304833,0,0,0,江西,云散雾开，拿捏小小三清山🤏🏻  ​,52,2024-05-03 19:59:31,同城,https://weibo.com/5030036304304833/OcBnEi3SN,"https://tvax4.sinaimg.cn/crop.0.0.1080.1080.180/6d2286acly8hilckpp4caj20u00u0whq.jpg?KID=imgbed,tva&Expires=1714762438&ssig=ib8ugG4JjW",杪秋_二十一,/u/1830979244,0
5027899076515957,6,5,0,江西,⚫️  ​,25,2024-04-27 22:26:56,同城,https://weibo.com/5027899076515957/ObHMvrl65,"https://tvax2.sinaimg.cn/crop.0.0.996.996.180/006AgQmnly8fpcpqco52cj30ro0ro40i.jpg?KID=imgbed,tva&Expires=1714762438&ssig=%2B82%2BDHXRSU",-蛋蛋桃,/u/6032759611,0
5030006430633474,1,1,0,江西,I人的一天. ​,10,2024-05-03 18:00:49,同城,https://weibo.com/5030006430633474/OcABt2ENk,"https://tvax3.sinaimg.cn/crop.0.0.512.512.180/9bce102bly8hiox3hgxq4j20e80e874u.jpg?KID=imgbed,tva&Expires=1714762438&ssig=PDGiZO0dkQ",徐什么倩-,/u/2613973035,0
5029790073487436,891,42,13,浙江,再惹我半下试试呢 ​,16,2024-05-03 03:41:05,同城,https://weibo.com/5029790073487436/OcuYveDeY,"https://tvax2.sinaimg.cn/crop.0.0.1080.1080.180/00625bJWly8hoqvrnmv27j30u00u0q4p.jpg?KID=imgbed,tva&Expires=1714762438&ssig=Q%2FfcYxUBLn",Novberain,/u/5527586436,0
5027485017702407,17,10,0,江西,"#记录旅行# 景色真的太美啦⛰️
本来以为会下雨的呢 大晴天！
运气🍀+10086
和好朋友一起散心 
别太舒服咯～幸福☺️  ​",131,2024-04-26 19:01:36,同城,https://weibo.com/5027485017702407/Obx0FwjKn,"https://tvax1.sinaimg.cn/crop.0.0.512.512.180/008rTsr1ly8hcbutf3lejj30e80e8js0.jpg?KID=imgbed,tva&Expires=1714762438&ssig=EljVQ030cy",超讨厌香菜耶,/u/7741241075,0
5029358735460458,0,3,0,江西,美，但实在是太太太太太太挤了  ​,49,2024-05-01 23:07:06,同城,https://weibo.com/5029358735460458/OcjKNmUvU,"https://tvax4.sinaimg.cn/crop.0.0.512.512.180/7832996bly8hf927entmvj20e80e8gm2.jpg?KID=imgbed,tva&Expires=1714762438&ssig=TUQgR95oTz",Eeleeeeeven,/u/2016581995,0
5029659220116171,1,4,0,江西,太久没亲亲了，都不知道是先闭眼睛还是先伸舌头  ​,64,2024-05-02 19:01:06,同城,https://weibo.com/5029659220116171/Ocrzs0udJ,"https://tvax4.sinaimg.cn/crop.0.0.960.960.180/94c87f3cly8hjum2wwf7kj20qo0qotah.jpg?KID=imgbed,tva&Expires=1714762438&ssig=VGGdtwfazh",beclaiis,/u/2496167740,
5028260334802881,1,3,0,江西,场景加载完毕 今晚开张[哈哈]  ​,47,2024-04-28 22:22:27,同城,https://weibo.com/5028260334802881/ObRbbk9rP,"https://tvax4.sinaimg.cn/crop.0.0.1024.1024.180/9b278afbly8hoxzp6zapqj20sg0sgjta.jpg?KID=imgbed,tva&Expires=1714762441&ssig=LU70BefDHk",妍妍不会离开你i,/u/2603059963,0
5029721701616401,7,2,0,江西,"特别的日子
我心尖尖上的女孩订婚啦[给你小心心] ​",45,2024-05-02 23:09:24,同城,https://weibo.com/5029721701616401/Octce6MuZ,"https://tvax4.sinaimg.cn/crop.0.0.572.572.180/bc6cf5c6ly8ho1hext13kj20fw0fwjso.jpg?KID=imgbed,tva&Expires=1714762441&ssig=dIxTr0tQNa",山会逃,/u/3161257414,0
5029626599966953,2,1,0,浙江,"📍婺源·遇见婺女洲
彩票中了220，开心~  ​",59,2024-05-02 16:51:30,同城,https://weibo.com/5029626599966953/OcqIPFORj,"https://tvax4.sinaimg.cn/crop.0.0.512.512.180/9cd93291ly8hgg6ccjwj7j20e80e83z6.jpg?KID=imgbed,tva&Expires=1714762441&ssig=AalAcGSY27",-心弦上的景致-,/u/2631479953,0
5027671854022922,39,21,0,江西,[兔子] ​,6,2024-04-27 07:24:02,同城,https://weibo.com/5027671854022922/ObBS1gSxQ,"https://tvax3.sinaimg.cn/crop.0.0.391.391.180/c76bba9ely8hfrn3qu8gsj20av0avjrh.jpg?KID=imgbed,tva&Expires=1714762441&ssig=Gl3NmA%2FrEK",Nplv_o3o,/u/3345726110,0
5028209903015414,3,3,0,江西,#新做的指甲盖子#  ​,36,2024-04-28 19:02:03,同城,https://weibo.com/5028209903015414/ObPRQcErI,"https://tvax3.sinaimg.cn/crop.0.0.1070.1070.180/008BcxXgly8hot901fo4sj30tq0tq40j.jpg?KID=imgbed,tva&Expires=1714762441&ssig=hcPwaudyjc",isiui,/u/7878777550,0
5029868020961649,2,1,0,江西,分享图片 ​,8,2024-05-03 08:50:49,同城,https://weibo.com/5029868020961649/Ocx0e42at,"https://tvax2.sinaimg.cn/crop.0.0.180.180.180/008DnnQsly8hnzmooykarj3050050glj.jpg?KID=imgbed,tva&Expires=1714762441&ssig=bfQM4%2BONEE",为人民服务的快乐小狗,/u/7910912968,0
5029144993991884,232,32,1,河北,分享图片 ​,8,2024-05-01 08:57:46,同城,https://weibo.com/5029144993991884/Ocec3gKte,"https://tvax2.sinaimg.cn/crop.0.0.512.512.180/006xtFf4ly8h1p52rrms7j30e80e8wf3.jpg?KID=imgbed,tva&Expires=1714762441&ssig=hCS854dn95",简柠Vanessa,/u/5991486130,0
5029208538219230,4,2,0,湖北,红尘客栈的尽头 我找到了  http://t.cn/A6TFGtGM ​,65,2024-05-01 13:10:16,同城,https://weibo.com/5029208538219230/OcfQxyuce,"https://tvax3.sinaimg.cn/crop.0.0.512.512.180/007266BXly8hji8tgurvhj30e80e8dh0.jpg?KID=imgbed,tva&Expires=1714762441&ssig=hlXiZXW5g%2B",咬一口脆脆鲨琪玛,/u/6443937881,0
5029337595646010,120,3,0,安徽,#GEA[超话]#今天上高速为了避让开高峰车流量拥堵，德兴高速收费站公路旁边免费发放矿泉水和面包，还有热水和泡面，为你们点赞👍 👍 👍  http://t.cn/A6TFsZZH ​,173,2024-05-01 21:43:06,同城,https://weibo.com/5029337595646010/OcjcHnGMG,"https://tvax2.sinaimg.cn/crop.0.0.1080.1080.180/006UD2etly8hncuzowpblj30u00u00wo.jpg?KID=imgbed,tva&Expires=1714762441&ssig=fGTqKR2Dh4",GEA相信自己,/u/6333575185,0
5029354841048580,2,0,0,上海,"没想到我竟是北线的唯一游客[允悲]
婺源蛮踩雷的，但樊式牛骨粉一绝！
感觉大部队即将被骗来，赶紧肥家  ​",117,2024-05-01 22:51:38,同城,https://weibo.com/5029354841048580/OcjEw4oMA,"https://tvax4.sinaimg.cn/crop.0.0.512.512.180/b7cda743ly8hd2qmb4c5pj20e80e8dh1.jpg?KID=imgbed,tva&Expires=1714762441&ssig=PPYWlUpYG%2F",迷糊小姐_不迷糊,/u/3083708227,0
5029942095512803,7722,594,325,江苏,#张雪峰建议普通家庭不要学医#怎么还没到六月份我就开始常驻热搜了呢？？？我找了半天我没找到我这个热搜的原话视频！！！经常看我直播的朋友应该知道，我原话一定不是这么说的！是否学医，跟你的分数，你的就业城市期待，还有你的家庭背景有很大的关系，切不可一概而论。我没说过这句话！ ​,268,2024-05-03 13:45:10,榜单,https://weibo.com/5029942095512803/OcyVHn88b,"https://tvax4.sinaimg.cn/crop.0.0.996.996.180/63f01b30ly8ges58dz6egj20ro0rotaf.jpg?KID=imgbed,tva&Expires=1714762445&ssig=jwfEu1B7YN",张雪峰老师,/u/1676679984,1
5029604576724631,12732,264,353,福建,中国女子王选，10年41次上诉，终将日本731部队送上国际法院！致敬王选！[鲜花][鲜花][good][心]#正能量# ​,97,2024-05-02 15:23:59,榜单,https://weibo.com/5029604576724631/Ocq9jsdnN,"https://tvax3.sinaimg.cn/crop.0.0.260.260.180/008saguxly8h01dbf09v4j307m078a9x.jpg?KID=imgbed,tva&Expires=1714762445&ssig=EggilW4RNQ",思想沸点,/u/7745246741,0
5029963403101803,6207,700,1393,重庆,"内蒙古人体质到底有多好？一万米说跑就跑[裂开]

#镜头下的笑容##五一假期随手拍# ​",76,2024-05-03 15:09:50,榜单,https://weibo.com/5029963403101803/Oczu4d0V5,"https://tvax4.sinaimg.cn/crop.0.0.664.664.180/006lOefaly8hkhm81n8t6j30ig0igabd.jpg?KID=imgbed,tva&Expires=1714762445&ssig=Tm7XyAyWbc",野比大雄,/u/5819071204,0
5030003501172730,5297,1695,660,安徽,"#苹果公布2024第一季度财报# 苹果2024 年第 1 季度财报，营收 908 亿美元，去年同期营收为 948 亿美元，同比下降 4%。
其中国内地区营收 163.7 亿美元，同比下降 8.1%。但在财报电话会议上，库克再次强调中国城市最畅销的智能手机是 iPhone 15 和 iPhone 15 Pro Max。且上季度 iPhone 在中国大陆的销量 ​",389,2024-05-03 17:49:10,榜单,https://weibo.com/5030003501172730/OcAwK4V50,"https://tvax3.sinaimg.cn/crop.0.0.600.600.180/9ff30c79ly8hjefyh32jyj20go0go75k.jpg?KID=imgbed,tva&Expires=1714762445&ssig=NFOOfRWHVQ",科技阿楠,/u/2683505785,1
5029694424482115,16913,6402,1383,北京,"给王鹤棣粉丝推荐一部剧，叫遇龙。
左边这张图是王鹤棣，右边是你为帝。 ​",67,2024-05-02 21:21:00,榜单,https://weibo.com/5029694424482115/OcsueiO0b,"https://tvax1.sinaimg.cn/crop.0.0.512.512.180/bf3d332bly8hpbm4g3hfdj20e80e8dg2.jpg?KID=imgbed,tva&Expires=1714762445&ssig=SCUyW1%2Bih5",因为所以为,/u/3208459051,0
5029948343715085,8360,57,9,未知,【你怎么看店家敷衍对待网友爱心？】近日，一电竞代打圈大神“胖猫”疑似因和女友在感情上出现摩擦造成双方分手，随后 #胖猫# 自杀引发热议，今日热心网友为祭奠胖猫点汉堡，结果华莱士店家发了空包？华莱士官方回应：已在紧急了解情况，会第一时间处理涉事门店和相关人员。 ​​​送白开水的茶百道稍 ​,346,2024-05-03 14:10:00,榜单,https://weibo.com/5029948343715085/Ocz5MfAsJ,"https://tvax2.sinaimg.cn/crop.0.0.676.676.180/001qXXGoly8h8vgkqi6cjj60j60ist9c02.jpg?KID=imgbed,tva&Expires=1714762445&ssig=1Mx5iYMIL6",新闻晨报,/u/1314608344,0
5029726099866668,11454,426,12,浙江,小河沟还不错…钓了不少小鱼货…对岸还有不知道叫啥的大鸟陪我……就是现在朋友说我穿着钓鱼🎣套装去酒吧了[泪][泪][泪] ​,114,2024-05-02 23:26:53,榜单,https://weibo.com/5029726099866668/OctjjFoLO,"https://tvax1.sinaimg.cn/crop.0.0.1080.1080.180/9e943931ly8hkyvt6nlxij20u00u0q59.jpg?KID=imgbed,tva&Expires=1714762445&ssig=RaM5BHmn9c",串儿导,/u/2660514097,0
5030065777675396,37998,1752,3622,河南,#未闻花名哭死# 时代少年团《未闻花名》的舞台完整版，我已经哭得不行了，尤其是最后大家围在一起抱着的时候！ http://t.cn/A6HPBD6W ​,124,2024-05-03 21:56:38,榜单,https://weibo.com/5030065777675396/OcC9bwcII,"https://tvax1.sinaimg.cn/crop.0.0.830.830.180/7e2d2eeely8fr37yjadtaj20n20n2q3q.jpg?KID=imgbed,tva&Expires=1714762445&ssig=%2BXB3b6mcer",传媒小娱,/u/2116890350,0
5029988437068810,26488,1093,3686,未知,#电影维和防暴队#王一博走过最长的路，就是观众的套路😂电影《维和防暴队》正在热映中，期待影院见！ http://t.cn/A6HPCt7I ​,117,2024-05-03 16:49:19,榜单,https://weibo.com/5029988437068810/OcA8rtEV4,"https://tvax4.sinaimg.cn/crop.0.0.600.600.180/008ikbzwly8hnzl9zr0rlj30go0go42v.jpg?KID=imgbed,tva&Expires=1714762445&ssig=aiYm3QsTDF",电影维和防暴队,/u/7599847750,0
5030023285182799,78348,5178,26007,北京,"#书卷一梦首发剧照#
浮生如梦，意外入卷。欢喜冤家，命运纠缠。
争权夺势惹情劫，天定姻缘难更改。
#书卷一梦官宣开机#
#书卷一梦# 承蒙厚爱，不负期待！
领衔主演：@李一桐Q @摩登兄弟刘宇宁 ​",178,2024-05-03 19:07:47,榜单,https://weibo.com/5030023285182799/OcB2ElKhx,"https://tvax1.sinaimg.cn/crop.0.0.1080.1080.180/006Cxx8gly8hmm3o0eaqcj30u00u0dn6.jpg?KID=imgbed,tva&Expires=1714762445&ssig=7g%2FJodv3EZ",电视剧书卷一梦,/u/6066289948,0
5030021326966688,11596,246,556,北京,#非人哉# 【第1011话】没有伟大的愿望，就没有伟大的天才。 ​,55,2024-05-03 19:00:00,榜单,https://weibo.com/5030021326966688/OcAZutelW,"https://tvax3.sinaimg.cn/crop.0.0.1080.1080.180/006c4YZzly8h8ukkqone7j60u00u041a02.jpg?KID=imgbed,tva&Expires=1714762445&ssig=C7RDfx%2BVNj",非人哉漫画,/u/5675300793,0
5030084664362756,112980,10753,59556,四川,"《命运》呐～～～～～[赢牛奶][赢牛奶][赢牛奶]
 #天赐的声音# 
http://t.cn/A6HPetsh ​",80,2024-05-03 23:11:41,榜单,https://weibo.com/5030084664362756/OcCDEiiX2,"https://tvax3.sinaimg.cn/crop.0.0.1080.1080.180/001Py70Nly8hn1e8lnpn9j60u00u0gmw02.jpg?KID=imgbed,tva&Expires=1714762445&ssig=XexyahaM7b",张碧晨,/u/1677856077,0
5029212247556205,101320,1021,1054,未知,#伟人辞世举国同悲#1976年9月9日0时10分，人民的领袖、一代伟人毛泽东的心脏停止了跳动。山河齐哀，举国同悲。9月28日下午，首都各界群众百万人在北京天安门广场以最隆重的仪式举行“伟大的领袖和导师毛泽东主席追悼大会”。追悼大会的实况，通过电视和广播传遍全国所有的城乡。在工厂矿山，在行进的列 ​,631,2024-05-01 13:25:00,榜单,https://weibo.com/5029212247556205/OcfWwvHIh,"https://tvax3.sinaimg.cn/crop.0.0.1080.1080.180/6f3e5825ly8h8vgc5asooj20u00u075t.jpg?KID=imgbed,tva&Expires=1714762445&ssig=xybpJnS%2F4u",北京卫视档案,/u/1866356773,0
5030033953653363,133280,24564,345213,江苏,"#奔跑吧真人版木偶海报#
在家的你快来看偶们精彩亮相！！！
一起来 #奔跑吧# 走进非遗木偶戏！
为了找到“它”！不能放弃！不能放弃！不能放弃！！
今晚20:20浙江卫视，20:50 Z视介，感受戏里戏外的粉墨人生！#深度周报# ​",204,2024-05-03 19:50:11,榜单,https://weibo.com/5030033953653363/OcBjRfkpd,"https://tvax3.sinaimg.cn/crop.0.0.512.512.180/678857afly8gfjpbf8kgaj20e80e8mxk.jpg?KID=imgbed,tva&Expires=1714762445&ssig=o2ch7a2SYc",卡布叻_周深,/u/1736988591,0
5029971476614036,8258,1100,5150,四川,"#你应该远离的煤气灯效应和类型# 

煤气灯效应，又称煤气灯探戈、煤气灯操纵，是指对受害者施加的情感虐待和操控。

让受害者逐渐丧失自尊，产生自我怀疑，无法逃脱。煤气灯效应描述的是一种心理操控手段，受害者深受施害者操控，以至于怀疑自己的记忆、感知或理智。#胖猫事件# http://t.cn/A6HPSVf0 ​",278,2024-05-03 15:41:55,榜单,https://weibo.com/5029971476614036/OczH5rKC0,"https://tvax3.sinaimg.cn/crop.0.0.828.828.180/007O3Uu1ly8gdvcyydqy7j30n00n0taq.jpg?KID=imgbed,tva&Expires=1714762445&ssig=1EIWpfLG%2Bx",神奇知识点,/u/7152678733,0
5029356946854019,19143,843,1297,未知,【#大熊猫是中国特有种的铁证#[doge]】#为什么说大熊猫只可能是中国特有的# 大熊猫“胖大海”：到点了到点了，赶紧躺了。#国宝说晚安#（栗子福） http://t.cn/A6TszJSX ​,156,2024-05-01 23:00:00,榜单,https://weibo.com/5029356946854019/OcjHUsL2H,"https://tvax3.sinaimg.cn/crop.8.11.119.119.180/0034c2ttly8h8vg8d8h2ij6046046q2t02.jpg?KID=imgbed,tva&Expires=1714762445&ssig=r5VNzhsYmD",新华网,/u/2810373291,0
5030032173175277,14893,458,1980,广东,#恋爱兄妹# 终于等到智媛跟宰亨互发信息啊啊啊啊啊啊啊啊啊啊啊当宰亨分析短信发现是智媛之后的表情啊啊啊啊啊啊啊啊啊啊啊 http://t.cn/A6HPQ3BF ​,136,2024-05-03 19:43:06,榜单,https://weibo.com/5030032173175277/OcBgZdk29,"https://tvax2.sinaimg.cn/crop.0.0.512.512.180/007m4NtDly8hcftgwbrgdj30e80e83z0.jpg?KID=imgbed,tva&Expires=1714762445&ssig=SV4%2FT2vcLr",补课老师今正疯,/u/6739152721,0
5029991056936953,6575,663,234,中国,"五一假期day3 今天的风格是板球小子

第三天大家去玩了啥[吹风车]

#今天穿什么[超话]##假日出游好扮法# ​",97,2024-05-03 16:59:43,榜单,https://weibo.com/5029991056936953/OcAcFt6Cl,"https://tvax3.sinaimg.cn/crop.0.0.1080.1080.180/5f875bd7ly8h1mb18tncij20u00u0acr.jpg?KID=imgbed,tva&Expires=1714762445&ssig=EjX2hb6qjy",不是小段,/u/1602706391,0
5029991227594406,14756,843,4002,未知,"他哽咽的说感谢 该感谢的是我们

“我是当时的唯一幸存者。”
#电影维和防暴队#首映礼现场，维和英雄毛戎峰追忆八位已故战友，难掩内心悲痛情绪。

向所有为世界和平作出贡献的维和警察致敬！

电影《维和防暴队》正在热映！ http://t.cn/A6HPCe4u ​",229,2024-05-03 17:00:24,榜单,https://weibo.com/5029991227594406/OcAcWvREq,"https://tvax4.sinaimg.cn/crop.0.0.600.600.180/008ikbzwly8hnzl9zr0rlj30go0go42v.jpg?KID=imgbed,tva&Expires=1714762445&ssig=aiYm3QsTDF",电影维和防暴队,/u/7599847750,0
5029892980999151,22288,735,3174,上海,"#123罗德岛！？##明日方舟#
明日方舟官方四格漫画《123罗德岛！？》
——「魔王」篇 ​",78,2024-05-03 10:30:00,榜单,https://weibo.com/5029892980999151/OcxEu4bVl,"https://tvax1.sinaimg.cn/crop.0.6.792.792.180/008byzlBly8h8vi5fawmgj30m70m744q.jpg?KID=imgbed,tva&Expires=1714762445&ssig=mNTfq7zjpA",泰拉记事社,/u/7499841383,0
5029558176978876,12443,419,951,广东,"失败女人第一步：期待女人回消息
失败女人第二步：情绪被女人左右
失败女人第三步：给女人写小作文
失败女人第四步：女人道歉立马原谅
失败女人第五步：给女人花钱 ​",155,2024-05-02 12:19:37,榜单,https://weibo.com/5029558176978876/OcoWtthww,"https://tvax4.sinaimg.cn/crop.0.0.783.783.180/006Cw4wIly8h9crvya4q3j30lr0lr3zb.jpg?KID=imgbed,tva&Expires=1714762448&ssig=xEYPblwNqg",被女通讯录吓晕,/u/6065941660,0
5029523041292158,12085,445,1520,广东,《五一这种人挤人的景点你都能忍受》 ​,34,2024-05-02 10:00:00,榜单,https://weibo.com/5029523041292158/Oco1O5q9g,"https://tvax2.sinaimg.cn/crop.0.0.180.180.180/67dd74e0ly8fvv8h7c3ylj2050050aac.jpg?KID=imgbed,tva&Expires=1714762448&ssig=Mx1dN%2FS0Vn",思想聚焦,/u/1742566624,0
5029937112943330,18324,589,1680,北京,"看看什么是真实[加油][加油][加油]『解放军演习首曝""黑人""蓝军 不带武器却专找麻烦(图)』http://t.cn/A6HPthFV ​",103,2024-05-03 13:25:22,榜单,https://weibo.com/5029937112943330/OcyNFclH4,"https://tva2.sinaimg.cn/crop.0.0.512.512.180/4bc92d44jw8f2f2jr0bwqj20e80e8dgk.jpg?KID=imgbed,tva&Expires=1714762448&ssig=7Ka0tda%2BAU",陈祉希,/u/1271475524,0
5030038356102356,19062,953,1688,河南,马嘉祺的《慢冷》舞台来啦！！！这个造型配上歌声绝了！！#马嘉祺慢冷# http://t.cn/A6HPRa61 ​,87,2024-05-03 20:07:40,榜单,https://weibo.com/5030038356102356/OcBqXpBv6,"https://tvax1.sinaimg.cn/crop.0.0.830.830.180/7e2d2eeely8fr37yjadtaj20n20n2q3q.jpg?KID=imgbed,tva&Expires=1714762448&ssig=qYvwIq7g8s",传媒小娱,/u/2116890350,0
5030056636452309,21193,2642,91,山东,"#徐杰怒吼张镇麟#  | #五一动起来#  
徐杰进球以后冲着张镇麟怒吼，而且还挑衅观众，感觉有点败人品……没必要。
 #广东男篮1比1辽宁男篮# http://t.cn/A6HP3JTj ​",150,2024-05-03 21:20:19,榜单,https://weibo.com/5030056636452309/OcBUrr4xv,"https://tvax3.sinaimg.cn/crop.0.0.888.888.180/e5565d96ly8gdi8298qoaj20oo0ooaaa.jpg?KID=imgbed,tva&Expires=1714762448&ssig=WPpj2wq7pW",麦子哥哥QaQ,/u/3847642518,1
5029564292007490,26389,483,98,未知,#美国拟永久禁止华为中兴通讯等中企#，你怎么看？#美国涉俄新制裁对中国实体下手# http://t.cn/A6Tsnf4b ​,97,2024-05-02 12:43:55,榜单,https://weibo.com/5029564292007490/Ocp6l8qeS,"https://tvax2.sinaimg.cn/crop.0.0.461.461.180/001Ds5xfly8h8vgjdxo3uj60ct0ctq3c02.jpg?KID=imgbed,tva&Expires=1714762448&ssig=oBbwDiBR%2BV",新浪军事,/u/1499104401,0
5030052813605771,6831,612,136,广东,"徐杰抛投得手怒吼宣泄释放情绪！
虽然吃到技术犯规但彻底激发了自己，他甚至还示意主场球迷的攻击声音再大一点！

广东队两记三分直接打停杨鸣指导！
小徐替小小徐长脸了[good][good] 

#辽宁男篮vs广东男篮# #cba季后赛# #徐杰怒吼# ​",216,2024-05-03 21:05:07,榜单,https://weibo.com/5030052813605771/OcBOhf81B,"https://tvax1.sinaimg.cn/crop.0.0.1080.1080.180/005XGrPyly8h58nffc2drj30u00u0go6.jpg?KID=imgbed,tva&Expires=1714762448&ssig=IRZbcgQuz0",我耀看球,/u/5462584744,1
5029924215458736,46411,2279,2124,未知,"腾讯娱乐影响力排行4月发布，3月开播、4月完结的爆剧标杆《与凤行》强势再夺电视剧热度榜首！

#赵丽颖名字即收视保证# 冷档爆剧的反差效果，持续印证了扛剧主演赵丽颖强大的路人盘，名字即收视保证。同时，也展现了2024开年第一古装爆剧《与凤行》经久不衰的长尾效应。#与凤行长尾效应# 

从3、4两月 ​",353,2024-05-03 12:34:07,榜单,https://weibo.com/5029924215458736/OcysRmU48,"https://tvax4.sinaimg.cn/crop.0.0.594.594.180/bdafef81ly8h8v1giaxccj20gi0gidg4.jpg?KID=imgbed,tva&Expires=1714762448&ssig=ck70k%2FhWX6",腾讯娱乐,/u/3182423937,0
5029635111257727,299529,24687,40775,北京,"#王一博[超话]# · #王一博维和防暴队# 
稚气青涩被锤炼成坚毅果敢，炮火纷飞中尽显英勇本色。狙击手杨震@UNIQ-王一博 为和平而来，行动就是最好的践诺！[拳头]
#电影维和防暴队# 实时票房破2亿！[全力以赴] ​",191,2024-05-02 17:25:19,榜单,https://weibo.com/5029635111257727/OcqWz5hbV,"https://tvax2.sinaimg.cn/crop.0.0.1080.1080.180/008aC0N3ly8hormgtydszj30u00u0tdt.jpg?KID=imgbed,tva&Expires=1714762448&ssig=tNRofBFXQS",YIBO-OFFICIAL,/u/7485885521,0
5029192377566442,13046,1047,3028,四川,"美食博主的逛吃之游乐场🎠旋转日记～和#华为Pura70#Ultra在游乐场的美丽邂逅～闪拍功能也太强大了吧～哈哈哈 定格美好瞬间！
#华为Pura70超高速风驰闪拍# http://t.cn/A6TFAgdk ​",166,2024-05-01 12:06:03,榜单,https://weibo.com/5029192377566442/OcfqtvKno,"https://tvax1.sinaimg.cn/crop.0.0.1080.1080.180/006CPQ1Bly8hloxxiad2tj30u00u0tbg.jpg?KID=imgbed,tva&Expires=1714762448&ssig=zDGhJAv03J",食神的女儿,/u/6070652475,0
5029922696857635,8593,2477,9907,北京,#太湖湾音乐节# [太阳]连续几天只睡俩小时的五一，货真价实的在过劳动节！虽然很累，但在见面的那一刻觉得一切都值得了！[心] ​,117,2024-05-03 12:28:05,榜单,https://weibo.com/5029922696857635/OcyqpsLZ1,"https://tvax1.sinaimg.cn/crop.0.0.1080.1080.180/898d854aly8gqmx3irhrrj20u00u0q4l.jpg?KID=imgbed,tva&Expires=1714762448&ssig=HcrKu0LQcm",李俊濠Rimiko,/u/2307753290,0
5029944207872002,5119,1104,2745,北京,"卡塔尔旅行攻略｜沙漠与海水中的艺术之国
 
✈️刚从卡塔尔回来，号称没有穷人的国家到底是什么样❓快来看衣鱼这篇攻略，建议收藏❗️
💰这里不仅是神秘富饶的自然能源之国，也是个丰富多彩的艺术之国，感受卡塔尔传统与现代的文化碰撞吧！
💳出行前期准备：
卡塔尔对中国是免签国家，首都是多哈， ​",2167,2024-05-03 13:53:34,榜单,https://weibo.com/5029944207872002/OcyZ6x1RM,"https://tvax4.sinaimg.cn/crop.0.0.512.512.180/68147f7cly8hm1rka9ky7j20e80e8glx.jpg?KID=imgbed,tva&Expires=1714762448&ssig=VCBZrDwerh",衣鱼911,/u/1746173820,0
5030015953537425,190563,18702,9955,重庆,"#时代少年团[超话]# 💥 #时代少年团楼间楼演唱会#
- 后台一刻 -

热忱满怀，全心蓄力准备，
释放能量，期待舞台开场！

@时代少年团队长-马嘉祺
@时代少年团-丁程鑫
@时代少年团-宋亚轩
@时代少年团-刘耀文
@时代少年团-张真源
@时代少年团-严浩翔
@时代少年团-贺峻霖 http://t.cn/A6HPjkKK ​",271,2024-05-03 18:38:39,榜单,https://weibo.com/5030015953537425/OcAQPeQff,"https://tvax3.sinaimg.cn/crop.0.0.1080.1080.180/007e4nGQly8gkzng7wnouj30u00u0q41.jpg?KID=imgbed,tva&Expires=1714762448&ssig=AY5JEPhCai",时代少年团,/u/6620842908,0
5030022484594319,15126,1581,3109,四川,"📷 - plog   五月的拼图开始啦！

假期第一站从看《间谍过家家》开始
阿尼亚太可爱了太可爱了！
全场笑点密集心软软[awsl]
收获一张电影纪念票根  🎫✅ ​",145,2024-05-03 19:04:36,榜单,https://weibo.com/5030022484594319/OcB1mjhbV,"https://tvax4.sinaimg.cn/crop.0.0.1080.1080.180/006EjcVZly8hotutsatfij30u00u0juq.jpg?KID=imgbed,tva&Expires=1714762448&ssig=%2BokOX5ZELE",微恋人,/u/6092428387,1
5029871111898394,7546,1219,994,未知,【追光前行！高校学子五四青年节合唱有我】“要怎么形容明天像我一样，承风骨亦有锋芒有梦则刚。”五四青年节将至，@中国戏曲学院 的学子合唱周深《有我》↓↓不负时代、不负华年，致敬每一个#追光的你#，追光的人，终将光芒万丈！#想对青春说# http://t.cn/A6HvFeHK ​,247,2024-05-03 09:03:06,榜单,https://weibo.com/5029871111898394/Ocx5d7XRg,"https://tvax4.sinaimg.cn/crop.0.0.1018.1018.180/0033ImPzly8h8vgemh8kxj60sa0sadgw02.jpg?KID=imgbed,tva&Expires=1714762448&ssig=MP3zkp%2BxHe",人民日报,/u/2803301701,0
5029181224911541,12150,4425,6181,广东,"🌙旅行青蛙｜澳门🇲🇴半日游速吃！

   #我的五一游记# 旅行特种兵来抄作业啦！记住这份超强纯吃攻略，把澳门美食吃明白！[春游家族]

1️⃣添发碗仔翅
   这家味道真的很不戳！海参鱼翅花胶鸡丝用料超级足！！红烧的做法吃起来真的很浓郁哇，记得加入小桌上胡椒粉或者醋，打开味蕾新大门！ ​",1174,2024-05-01 11:21:44,榜单,https://weibo.com/5029181224911541/Ocf8ukBIp,"https://tvax1.sinaimg.cn/crop.0.0.1080.1080.180/006Z3xrAly8hls3wg5x4vj30u00u0djt.jpg?KID=imgbed,tva&Expires=1714762448&ssig=8s69bO%2FYRU",咕噜月崽,/u/6398997034,0
5030036424102723,7159,1219,2403,未知,"#诛仙2鬼厉陆雪琪十年再战#
“我不会让这异宝落入魔教手中”
“我正是要夺了这异宝，去杀更多的人”
#诛仙动画# 异宝争夺，故人花海再见拔剑相对 http://t.cn/A6HP8DTi ​",156,2024-05-03 20:00:00,榜单,https://weibo.com/5030036424102723/OcBnQhdiX,"https://tvax1.sinaimg.cn/crop.0.0.600.600.180/008aFUHZly8hnwm4qmrwyj30go0gojsj.jpg?KID=imgbed,tva&Expires=1714762448&ssig=fVGdc0mNe0",诛仙动画官微,/u/7486815455,0
5029304643619025,38923,6056,1668,广东,自封抓娃娃大师 ​,14,2024-05-01 19:32:10,榜单,https://weibo.com/5029304643619025/Ocilyfbtn,"https://tvax4.sinaimg.cn/crop.0.0.512.512.180/007cFjh1ly8hbesk6bkwaj30e80e8my8.jpg?KID=imgbed,tva&Expires=1714762448&ssig=VuRMKoDIj5",南京Hero无畏,/u/6600091395,0
5029576415643393,13989,280,990,上海,"给妹埋一下怎么了呢？
🍎夏以昼 / 卫衣怪突袭 ​",44,2024-05-02 13:32:05,榜单,https://weibo.com/5029576415643393/OcppTnG6t,"https://tvax3.sinaimg.cn/crop.0.0.1080.1080.180/4b7a8842ly1h7tm1v8p1gj20u00u0gol.jpg?KID=imgbed,tva&Expires=1714762448&ssig=eg7h0igjV9",尼罗苔,/u/1266321474,0
5030001671405852,110,7057,2,广东,http://t.cn/A6HPO0we,20,2024-05-03 17:41:53,榜单,https://weibo.com/5030001671405852/OcAtN5TJ2,"https://tvax4.sinaimg.cn/crop.0.0.512.512.180/8a687182ly8hhe2sxwf54j20e80e8aak.jpg?KID=imgbed,tva&Expires=1714762448&ssig=eEL6O58FLt",GanGIFTLTD,/u/2322100610,0
5029942599616731,119,11,0,广东,为什么西方重新转向燃油车？我认为有个重要原因：就有点像高铁，美国不大规模发展高铁，不是高铁不好，而是美国航空业很发达，如果建设高铁，等于要放弃成熟的航空产业，再去建设一套新的远程交通体系，没必要，也没人出这个钱。新能源车作为交通工具不是颠覆性的，西方已经有成熟的燃油车体系，发展电 ​,517,2024-05-03 13:47:10,车展,https://weibo.com/5029942599616731/OcyWvElKz,"https://tvax1.sinaimg.cn/crop.0.0.1080.1080.180/006VCyxily8h3zyqbvn0zj30u00u0jsa.jpg?KID=imgbed,tva&Expires=1714762453&ssig=WAeCJqdfMZ",财经智慧女侠,/u/6348237368,1
5026793098838664,5,2,2,北京,"【#小米汽车第二车型曝光#】据媒体报道，小米汽车第二款新车将定位纯电SUV，预计于2025年上半年推出，延续小米汽车首款车型的设计水准；第三款车型初步定位在15万元级，预计于2026年推出。

至于小米SUV长什么样，其实早在SU7上市之前，就有很多“野生设计师”根据SU7的设计风格绘制出小米SUV的渲染图 ​",321,2024-04-24 21:12:11,车展,https://weibo.com/5026793098838664/Obf0FB5l6,"https://tvax2.sinaimg.cn/crop.0.0.996.996.180/6c98b5bdly8gdi6m1x8oqj20ro0ro3zf.jpg?KID=imgbed,tva&Expires=1714762453&ssig=B8WEPNuTZg",车评社,/u/1821947325,1
5029259770596156,140,27,2,广东,"如何才能同时拥有这两台车？
在配一台纯电mpv就无敌了[doge]
这辈子不买车了hah  ​",94,2024-05-01 16:33:51,车展,https://weibo.com/5029259770596156/Ochbb2v5q,"https://tvax3.sinaimg.cn/crop.0.0.1080.1080.180/006Qz2IFly8gu3j7k4qcyj60u00u041702.jpg?KID=imgbed,tva&Expires=1714762453&ssig=2RNRQIz%2BDr",极速拍档-Berlin,/u/6273518401,0
5027937277444297,362,2,0,广东,"在北京国际车展上，魏建军试驾了新款的丰田普拉多，结果他立刻发现这车有点问题。他一开关车门，感觉门特别轻飘飘的，就跟那些几万块的普通轿车似的，关门的时候也没那种沉甸甸的感觉。

其实啊，车门开合的轻重这事儿，主要是看铰链松紧。而关门感觉沉不沉，那得看密封胶条。如果胶条设计得薄或者细， ​",460,2024-04-28 00:58:43,车展,https://weibo.com/5027937277444297/ObIM7veBj,"https://tvax3.sinaimg.cn/crop.0.0.512.512.180/005JGNhTly8heowl5yl7lj30e80e8dgp.jpg?KID=imgbed,tva&Expires=1714762453&ssig=OS%2B7Diq%2Bbp",擒牛小怪兽,/u/5255798521,0
5028254832394850,49,4,7,北京,#博世否认问界M7事故中使用其AEB# 刚看了下特斯拉的车主手册，它的AEB是200公里内都有效。 ​,84,2024-04-28 22:00:35,车展,https://weibo.com/5028254832394850/ObR2ja30C,"https://tvax1.sinaimg.cn/crop.0.0.660.660.180/71f81b09ly8gcr994uarwj20ic0jytaq.jpg?KID=imgbed,tva&Expires=1714762453&ssig=6H6Z1t7M%2F8",斌叔OKmath,/u/1912085257,0
5028229217784600,83,53,2,广东,"前几天不小心把我的SU7开到草坪里面去了，
今天清理行车记录仪的时候才发现，
它居然拍下来了还给我标记成了紧急事件[老师好] ​",117,2024-04-28 20:18:48,车展,https://weibo.com/5028229217784600/ObQmZwF84,"https://tvax1.sinaimg.cn/crop.0.0.1080.1080.180/005tL5illy8hdi63pp9vmj30u00u0ae5.jpg?KID=imgbed,tva&Expires=1714762453&ssig=hVmCB36bG9",环环,/u/5020399677,1
5027386935216652,35,11,0,安徽,奇瑞好像换设计师了？这个风云E06设计的确实很不错，完全没有之前奇瑞奇奇怪怪的感觉... ​,82,2024-04-26 12:31:52,车展,https://weibo.com/5027386935216652/ObustlT5y,"https://tvax2.sinaimg.cn/crop.0.0.996.996.180/6aabe8aaly8g1kwlwj7qdj20ro0ro0tv.jpg?KID=imgbed,tva&Expires=1714762453&ssig=Q%2B8FE7R5s7",Ark咔嚓一下,/u/1789651114,1
5027085212976326,25,2,2,北京,"#2024年北京车展# 
不知道是不是上岁数了，红旗这几款大轿子，真戳我审美啊！
#微博新知# ​",83,2024-04-25 16:32:56,车展,https://weibo.com/5027085212976326/ObmBPcuhg,"https://tvax1.sinaimg.cn/crop.0.0.1080.1080.180/7e31a071ly8hlnqxdrqhsj20u00u040d.jpg?KID=imgbed,tva&Expires=1714762453&ssig=tzOVFwxLMI",我是张Enzo,/u/2117181553,1
5029965313869733,130,4,2,广东,"华为问界M9的客户画像是哪一类人。

1：首先，愿意掏出五六十万买车的人群，他的净资产，绝对比愿意掏五六百万买房的人的更有经济实力。
​2：其次，根据车FANS的数据调研，M9的客户绝大多数都是40岁 甚至50岁以上的男性人群
​3：所以，在这个年纪拥有这样经济条件的男人，那个不是在社会上摸爬滚打几 ​",486,2024-05-03 15:17:26,车展,https://weibo.com/5029965313869733/Oczx9geH3,"https://tvax3.sinaimg.cn/crop.0.0.996.996.180/005ZvPu6ly8gprn6qt5u1j30ro0rotbp.jpg?KID=imgbed,tva&Expires=1714762453&ssig=EhigsvXIDA",老江鉴股,/u/5489606734,1
5029890997355036,48,23,5,上海,"保时捷911是一台很神奇的车

你没办法通过车判断对方的真实财力

也没办法通过车判断对方的驾驶水平

甚至没办法通过车判断对方的实际品味

因为这台车现在买个991.1只要60多万。

看起来和992 GT3也没什么本质区别（甚至更帅）

即便上了赛道，60万的911甚至嗓门可以更大[doge]

神奇的911[挤眼] ​",275,2024-05-03 10:22:07,车展,https://weibo.com/5029890997355036/OcxBhuRnC,"https://tvax1.sinaimg.cn/crop.0.0.996.996.180/7230b549ly8g4dncav7t8j20ro0roq6n.jpg?KID=imgbed,tva&Expires=1714762453&ssig=ENuqmOlEsp",贾佳HondaYes,/u/1915794761,1
5028248247867586,2385,344,31,江西,"问界m7这事我再说几点吧。

首先是安全气囊的问题，这个确定是打开了。

智驾的问题，这辆是入门版m7压根没装华为高阶智驾。

aeb的问题，这个其实有点类似于你穿的是防弹衣但是中的是火箭筒，aeb的反应速度一般在85以下，当时的车速超过115，aeb救不了。

车门的问题，这个不知道，只能从视频里看出来 ​",670,2024-04-28 21:34:25,车展,https://weibo.com/5028248247867586/ObQRGx0Iy,"https://tvax2.sinaimg.cn/crop.0.0.1080.1080.180/00839uABly8hj8iveq198j30u00u0779.jpg?KID=imgbed,tva&Expires=1714762453&ssig=Y52VQJ1OD0",大漂亮傻事,/u/7375654205,1
5029186991554933,21,11,2,辽宁,#沈阳车展#斯巴鲁森林人优惠完20万起，现在你会不会考虑这款车？ ​,60,2024-05-01 11:44:39,车展,https://weibo.com/5029186991554933/OcfhN6wvz,"https://tvax1.sinaimg.cn/crop.0.0.1080.1080.180/46e336daly8gzff9ay63nj20u00u075k.jpg?KID=imgbed,tva&Expires=1714762453&ssig=VVuSWXW%2FQH",帅车评,/u/1189295834,1
5029326908555780,53,8,1,天津,"大哥大级别的车！
揽胜 4.4 V8 SV 尊荣创世加长版 

这次车展没看路虎，就从旁边经过…
确实没有什么新车型

目前就是揽胜在这里，够面了…

希望这个月可以买一台揽胜[鼓掌][鼓掌][鼓掌] ​",174,2024-05-01 21:00:38,车展,https://weibo.com/5029326908555780/OciVszTKs,"https://tvax4.sinaimg.cn/crop.0.0.1080.1080.180/6de21f3dly8g4njfsmlljj20u00u077k.jpg?KID=imgbed,tva&Expires=1714762453&ssig=O%2BP8JuypVH",朱宏-ZHong,/u/1843535677,1
5029882599310482,287,209,56,安徽,"开小米SU7出门
遇到一辆紫色SU7
比我的颜色帅多了[苦涩] ​",52,2024-05-03 09:48:45,车展,https://weibo.com/5029882599310482/OcxnJD454,"https://tvax4.sinaimg.cn/crop.0.0.1080.1080.180/6f82140fly8gdi3sylzlaj20u00u0tbn.jpg?KID=imgbed,tva&Expires=1714762453&ssig=WOrGWyEndw",极客村长,/u/1870795791,1
5027028380418371,12,24,9,北京,"马自达EZ-6悬架

有排气管的就是增程版，纯电版悬架没有排气管，包裹得严严实实

#大v聊车##2024北京车展# ​",99,2024-04-25 12:47:05,车展,https://weibo.com/5027028380418371/Obl8a1KPV,"https://tva4.sinaimg.cn/crop.0.0.720.720.180/e615a3bfjw8evoveek52hj20k00k0gnr.jpg?KID=imgbed,tva&Expires=1714762453&ssig=ZhR%2BmF4zhz",坂道kaka,/u/3860177855,0
5029886204841031,48,13,2,河北,邻居把普拉多换成了坦克300，旁边的英伦凯旋摩托还在，看来是真爱越野。过一段时间建议他把摩托车也换成长城汽车的灵魂摩托…… ​,119,2024-05-03 10:03:05,车展,https://weibo.com/5029886204841031/Ocxtykjn9,"https://tvax4.sinaimg.cn/crop.0.0.512.512.180/008i4g90ly8hegj7o6uzyj30e80e80to.jpg?KID=imgbed,tva&Expires=1714762453&ssig=WRurxXkP06",长城汽车王远力,/u/7596052078,0
5027428906569269,26,1,4,湖北,全新PHEV URUS SE和现款URUS S区别 ​,32,2024-04-26 15:18:39,车展,https://weibo.com/5027428906569269/ObvyaryXX,"https://tvax1.sinaimg.cn/crop.0.0.600.600.180/6789a489ly8h4fib85ri3j20go0gomxo.jpg?KID=imgbed,tva&Expires=1714762453&ssig=7jLfPWVU7k",恩佐小哥,/u/1737073801,0
5027376205136180,67,52,10,上海,一直没觉得极氪001有多大，昨天看到极氪001和凯美瑞摆在一起才发现，比凯美瑞这B级车大不少。有100度电池、极充、智驾、还有各种舒适配置，超大后备箱，还买啥凯美瑞啊，极氪001全面碾压 ​,173,2024-04-26 11:49:13,车展,https://weibo.com/5027376205136180/Obubaly9C,"https://tvax4.sinaimg.cn/crop.0.0.1080.1080.180/a2a56b32ly8g4418e0fipj20u00u0jtm.jpg?KID=imgbed,tva&Expires=1714762453&ssig=GFBp8uVJRN",我是老朴,/u/2728749874,1
5026488266785290,216,12,3,广东,"十分好奇，特斯拉的市值66600亿元，中国最大的比亚迪才7800亿元。同样是新能源车企，比亚迪只是人家一个零头。为啥会差距这么大呢？难道就因为特斯拉的老板是马斯克？还是说特斯拉在美国，而其他的不是？
有人说说其中的道理吗？

1、特斯拉：市值6.66万亿元
2、比亚迪：市值0.78万亿元
3、Rivian：市 ​",413,2024-04-24 01:00:53,车展,https://weibo.com/5026488266785290/Ob750staa,"https://tvax3.sinaimg.cn/crop.0.0.1080.1080.180/71ef2114ly8hhovhth4zdj20u00u0q6l.jpg?KID=imgbed,tva&Expires=1714762456&ssig=PsHuCiqax7",浙江张小姐,/u/1911496980,0
5029955480323792,1027,852,903,湖北,"#五一小长假# 昨天，开着我家从长春带到武汉的燃油车，带全家人从武汉到襄阳，往返600多公里的路程，开了7个多小时。
 
这是一款2020年生产的4驱车，我的老东家的车，传统的高端品牌，非常好开，但我有好几年没有开过了。原打算开我的岚图追光，临时起意，我想看看我再开燃油车会是什么感觉，正好和我 ​",3762,2024-05-03 14:38:21,车展,https://weibo.com/5029955480323792/Oczhi1mes,"https://tvax1.sinaimg.cn/crop.0.0.600.600.180/008sp8e3ly8hicap9csl4j30go0go0ul.jpg?KID=imgbed,tva&Expires=1714762456&ssig=xQfBnsJh05",岚图卢放,/u/7748789887,0
5027450737661487,2284,1057,1137,广东,溜背界的天花板？哪台溜背才是你心中的YYDS？ ​,42,2024-04-26 16:45:24,车展,https://weibo.com/5027450737661487/Obw7nw96n,"https://tvax4.sinaimg.cn/crop.0.0.1080.1080.180/006joxBNly8hhmxk066poj30u00u00u1.jpg?KID=imgbed,tva&Expires=1714762456&ssig=NBBNlNszJO",贝拉聊科技,/u/5783396443,0
5027782289261965,386,49,9,上海,"早上出门，差点人都傻了。
我以为matrix系统出错了。
怎么我视觉里还有个小的车是什么鬼？
我以为是window系统出错那种窗口无限叠加……
问下，壁虎什么我还能懂，贴这个小车一般什么意思？ ​",176,2024-04-27 14:42:52,车展,https://weibo.com/5027782289261965/ObEK8CRsx,"https://tva1.sinaimg.cn/crop.0.0.180.180.180/57afde93jw1e8qgp5bmzyj2050050aa8.jpg?KID=imgbed,tva&Expires=1714762456&ssig=OyPY8aMaCE",专业戳轮胎熊律师,/u/1471143571,1
5027828359496514,2083,65,239,北京,"#第一次在车展上见到这么多外国人#相比车企CEO们跑龙套般的看车展和圈流量，认真看车的老外学习精神才值得尊重！
同时也感慨下，中国车站起来了！外国人跪地看车，国外“皮尺部”也开始工作了！[允悲][允悲][允悲]这测量的是啥车啊？#2024北京车展# ​",230,2024-04-27 17:45:56,车展,https://weibo.com/5027828359496514/ObFWrDQtA,"https://tvax2.sinaimg.cn/crop.0.0.1242.1242.180/4e07dcf1ly8fubjtuuu6jj20yi0yigmf.jpg?KID=imgbed,tva&Expires=1714762456&ssig=glRp5FoYKk",李勇岐,/u/1309138161,1
5029204970441310,541,67,17,广东,"造车新势力，第一辆车，#小米SU7上市首月交付7058辆#，首月月锁单88063，3：3：4的优质低中高占比，这个数据怎么看怎么是一个奇迹。

原本按照发布会规划，首月应该是供货5000台创始版，5月才开始交付普通版本。

这让我想起小米当年当年创造的成为五百强速度奇迹，而在第一次造车上的各种记录，某种意 ​",1039,2024-05-01 12:56:06,车展,https://weibo.com/5029204970441310/OcfKN1QNU,"https://tvax1.sinaimg.cn/crop.0.0.1002.1002.180/006LK4AWly8glvcjf8yk2j30ru0ru77m.jpg?KID=imgbed,tva&Expires=1714762456&ssig=%2BQD0wXWGkm",薛定谔的英短咕咕咕,/u/6202265538,0
5027350234271308,2052,540,606,北京,#北京车展#还有这等福利！！打卡长安启源展台，竟然有机会领到周杰伦限量周边&演唱会门票！这么香的福利我要去看看了！#长安启源真香打卡# #长安启源A07# ​,143,2024-04-26 10:06:02,车展,https://weibo.com/5027350234271308/ObtvhhVa4,"https://tvax4.sinaimg.cn/crop.0.0.1080.1080.180/69f0a573ly8hldcdhouegj20u00u00uc.jpg?KID=imgbed,tva&Expires=1714762456&ssig=O9rwyFEWtl",么什什,/u/1777378675,1
5028621088198439,69,23,5,四川,"理想2023年一季度首度盈利，当时的成绩是一季度
交付52584辆，营收187.9亿元，净利润14.1亿元。

赛力斯2024年一季度首度盈利，销售9.48万辆，营业收入265.61亿元，净利润2.20亿元，扣非净利润1.14亿元。

恭喜赛力斯自2016年以来，连续八年持续规模化投入智能电动汽车研发，历经四年亏损，在2024年一 ​",420,2024-04-29 22:15:57,车展,https://weibo.com/5028621088198439/Oc0z2yoMT,"https://tvax3.sinaimg.cn/crop.0.0.1059.1059.180/aa906747ly8hp0nej50sfj20tf0tf77e.jpg?KID=imgbed,tva&Expires=1714762456&ssig=m%2BdELvn1f0",绵州一哥,/u/2861590343,0
5029343996682569,1269,145,64,江苏,说问界M7，却拿着雷克萨斯车祸打不开车门撬门的视频混剪！正规媒体为了流量也开始下场吃人血馒头了？！真的惊了[吐] ​,108,2024-05-01 22:08:32,车展,https://weibo.com/5029343996682569/Ocjn1s2rn,"https://tvax2.sinaimg.cn/crop.0.0.1080.1080.180/61e4050ely8hd416015m2j20u00u0gob.jpg?KID=imgbed,tva&Expires=1714762456&ssig=7SweHeZpGw",于忠国,/u/1642333454,1
5026730090435309,7,14,1,湖北,"突然想起一个细节：
领克e335的伪装车大灯直接安装在牙线位置上，
考虑到大多数伪装车即使不装完全体大灯，也会装在相应的位置上，
所以335的大灯可能就在牙线上（信息来自热心网友，但是我才想起来[允悲]）
也许有可能是：
甚至进一步脑洞大开——

#汽场全开##领克# ​",248,2024-04-24 17:01:48,车展,https://weibo.com/5026730090435309/Obdn31Pf7,"https://tvax4.sinaimg.cn/crop.0.0.768.768.180/9876f642ly8hp2ts6utukj20lc0lcmy1.jpg?KID=imgbed,tva&Expires=1714762456&ssig=Xta%2FEQWZ%2Fw",OuroborosMOTO,/u/2557933122,0
5027366708972263,111,76,9,江西,长安汽车董事长朱华荣：一定要培养长安汽车自己的“雷布斯”和“余大嘴”，长安的流量差很多 ​,86,2024-04-26 11:11:30,车展,https://weibo.com/5027366708972263/ObtVQBE5V,"https://tva4.sinaimg.cn/crop.0.0.180.180.180/836025bajw1e8qgp5bmzyj2050050aa8.jpg?KID=imgbed,tva&Expires=1714762456&ssig=IIEXHhvG%2F4",风清颂,/u/2204116410,0
5027878377102096,40,2,8,吉林,VW R20！这个拖挂有创意！[haha] ​,30,2024-04-27 21:04:41,车展,https://weibo.com/5027878377102096/ObHf7tNzW,"https://tvax3.sinaimg.cn/crop.0.0.681.681.180/a6f83ebdly8hjt5qwy6czj20ix0ixmxl.jpg?KID=imgbed,tva&Expires=1714762456&ssig=351DP6HyFW",改装车,/u/2801286845,0
5028548450190785,208,53,34,未知,【#特斯拉中国FSD购买页面显示即将推出#】据特斯拉用户APP显示，特斯拉中国官方的FSD（Full-SelfDriving，完全自动驾驶能力）服务的购买页面描述已经由“稍后推出”改为“即将推出”（如附图1所示）。 ​​​#外交部回应中国是否允许特斯拉FSD落地# ​​​,237,2024-04-29 17:27:19,车展,https://weibo.com/5028548450190785/ObYFT0NDb,"https://tvax2.sinaimg.cn/crop.0.0.436.436.180/001Nakaoly8h8vh6pbz8ij60c60c4q3602.jpg?KID=imgbed,tva&Expires=1714762456&ssig=LNVGGjwK13",新浪科技,/u/1642634100,0
5027686202478216,633,52,52,上海,智能汽车之于华为，有点像汽车业之于中国。只许成功，不许失败。 ​,60,2024-04-27 08:21:03,车展,https://weibo.com/5027686202478216/ObCfaaoHe,"https://tvax1.sinaimg.cn/crop.0.0.640.640.180/002l8vxdly8hixhnx6266j60hs0hs74r02.jpg?KID=imgbed,tva&Expires=1714762456&ssig=dRU9LvuISC",洪榕,/u/2144596567,1
5027067542378172,5116,24,1,浙江,"小吴的modelx90d
17年4月 落地110万
24年4月 出售26万
亏84万 7年 
12万/年 1万/月 300+/天 ​",85,2024-04-25 15:22:43,车展,https://weibo.com/5027067542378172/Obm9k9YFC,"https://tvax1.sinaimg.cn/crop.23.3.647.647.180/6a2b30e6ly8gfavyynwhfj20j60j6t8z.jpg?KID=imgbed,tva&Expires=1714762456&ssig=LGkFZfZq6B",平凡小吴,/u/1781215462,1
5027172543103428,16,3,2,浙江,奔驰C260L祖母绿，很特别的颜色[doge] ​,35,2024-04-25 22:19:56,车展,https://weibo.com/5027172543103428/OboSGd1li,"https://tvax2.sinaimg.cn/crop.0.0.1080.1080.180/6b24e9d6ly8hhu1qdwylcj20u00u0jx1.jpg?KID=imgbed,tva&Expires=1714762456&ssig=pZbu%2B7yMUA",不二车探,/u/1797581270,1
5028286587214115,50,15,0,河南,都在期待特斯拉的 FSD，额 我没那么多想法，我就想问一句，打灯变道能不能免费[笑cry][笑cry][笑cry] app 能不能好好优化一下[微风][微风][微风] ​,135,2024-04-29 00:06:46,车展,https://weibo.com/5028286587214115/ObRRwugIH,"https://tvax4.sinaimg.cn/crop.0.0.940.940.180/006qqdxLly8hkycfxdqe3j30q40q4q5l.jpg?KID=imgbed,tva&Expires=1714762456&ssig=dBvLbnIhOT",我是张大头,/u/5887230321,0
5029131721116632,371,23,8,北京,"昨天华为汽车大动荡，也有受到这个传闻影响，不让余承东出去卖车了，华为内部动荡分裂等等，干脆出任问界董事长，股份期权直接给管饱，华为除了任老之外，图腾只有余承东。

华为汽车就是问界，问界就是华为汽车，必须认识到这一点，一手王炸别打烂了。 ​​​",241,2024-05-01 08:05:02,车展,https://weibo.com/5029131721116632/OcdQE4Guc,"https://tva1.sinaimg.cn/crop.0.0.180.180.180/4ea642edjw1e8qgp5bmzyj2050050aa8.jpg?KID=imgbed,tva&Expires=1714762456&ssig=DGxzY0lOPQ",投星资产,/u/1319518957,1
